Wiki,Pages,Edits,Tags,Farm,URL
Cinémancie,1839,6679,,,http://cinemancie.com/index.php?title=Accueil
JabberFR,1839,13146,,,http://wiki.jabberfr.org/Accueil
"Stardew Valley Wiki (de) (old)",1839,16266,stardewvalley,"Farm:Stardew Valley",https://de.stardewcommunitywiki.com/Stardew_Valley_Wiki
Persephone,1840,8348,,,http://wiki.rpgclassics.com/index.php?title=Main_Page
Wiki.lug.ro,1840,89602,"linux,lug,romania",,https://wiki.lug.ro
CyberCamp,1841,24221,,,http://www.yistats.ca/wiki/index.php?title=Main_Page
"The Dryad data repository wiki",1841,23852,,,http://wiki.datadryad.org/Main_Page
Bildr,1842,9416,,,http://wiki.bildr.org/index.php/Main_Page
Wikicubia,1842,6884,,,http://wiki.cubicworlds.net/index.php/Main_Page
"Documentation SEPAmail",1843,8455,,,http://documentation.sepamail.org/wiki/Accueil
"Wiki FKKT",1843,20578,,,http://wiki.fkkt.uni-lj.si/index.php/Main_Page
"Technopreneurship Study Mission",1845,9574,,,https://wiki.smu.edu.sg/1213T2is427g1/Main_Page
"Food Tech Innovation Portal",1845,11967,,,http://www.foodtech-portal.eu/index.php?title=Main_Page
"Shock Comics",1846,6027,,,http://cobiness.com/index.php?title=Main_Page
"Pangaea Wiki",1846,8298,,,http://pangaea-world.dk/wiki/index.php?title=Main_Page
"AAISP Wiki",1847,14258,,,http://wiki.aa.org.uk/Main_Page
Biool,1848,2315,,,http://biool.wiki-site.com/index.php/Main_Page
YUIkipedia,1849,4911,,,http://www.yui-lover.com/wiki/Main_Page
"Seattle Wiki",1849,11533,,Farm:Wikia,http://seattle.wikia.com/wiki/Main_Page
"Stinque Zombie Bible",1850,3028,,,http://zombie.stinque.com/bible/Main_Page
"OpenFlow Wiki",1850,31714,,,http://www.openflow.org/wk/index.php/Main_Page
"Learning 2.0 wiki",1850,4770,,,http://learning20doc.cite.hku.hk/index.php/Main_Page
Wikifolsom,1850,3713,,,http://www.folsoms.net/wiki/index.php?title=Folsom_Family_Wiki_Main_Page
Prades,1850,5308,,,https://www.pradesmemorial.cat/wiki/
"IV:MP Wiki",1850,6219,,,http://wiki.iv-multiplayer.com/wiki/index.php?title=Main_Page
"Scrolls Wiki",1850,8394,,Farm:Gamepedia,http://scrolls.gamepedia.com/Scrolls_Wiki
"Eerste Hulp Wiki",1850,7069,,,http://www.eerstehulpwiki.nl/wiki/index.php/Hoofdpagina
Wiki4Intranet,1850,7478,mediawiki,,http://wiki.4intra.net/
"YoYo Games Wiki",1851,16725,,,http://wiki.yoyogames.com/index.php/Main_Page
GoPlett,1851,4750,,,http://goplett.co.za/wiki2/index.php?title=Go-Plett
Bioeticawiki,1851,106957,,,https://bioeticawiki.com/
Wiki.laslaminas.es,1852,8284,,,http://www.laslaminas.es/wiki/index.php?title=Main_Page
Cbcb,1853,7762,,,https://wiki.umiacs.umd.edu/cbcb/index.php/Main_Page
"XKCD Wiki",1853,18384,,,http://wiki.xkcd.com/irc/Main_Page
"UnReal World Wiki",1853,8581,"video game,community",,http://www.unrealworld.fi/wiki/index.php?title=Main_Page
WikiSTEP,1854,4067,,,http://www.wikistep.org/index.php/Main_Page
"LFS Manual (en)",1854,5675,,"Farm:Live for Speed",http://en.lfsmanual.net/wiki/
"Sui Generis Wiki",1854,4595,,Farm:Gamepedia,http://suigeneris.gamepedia.com/Sui_Generis_Wiki
C3MAWiki,1854,5001,,,http://www.ccc-mannheim.de/wiki/Hauptseite
"Black Mesa",1855,11497,,,http://wiki.blackmesasource.com/Main_Page
WikiStudent,1855,4795,,,http://wikistudent.ws/Unisa/Main_Page
WinLIMS,1855,9998,,,http://www.winlims.info/index.php?title=LIMS_by_Quality_Systems_International_(WinLIMS)
Bioage.net,1855,5326,,,http://Bioage.net/index.php/Main_Page
Geromics.org,1855,5327,,,http://Geromics.org/index.php/Main_Page
Exome.net,1855,5325,,,http://Exome.net/index.php/Main_Page
"OPPServer.net Wiki - OPPs Wiki",1856,2355,,,http://wiki.oppserver.net/index.php/Hauptseite
Apigenin.org,1856,5313,,,http://Apigenin.org/index.php/Main_Page
"Bioinformaticsbook org",1856,5312,,,http://Bioinformaticsbook.org/index.php/Main_Page
Bacteriapedia.org,1856,5312,,,http://Bacteriapedia.org/index.php/Main_Page
"Virusomics com",1856,5328,,,http://Virusomics.com/index.php/Main_Page
"Biomathematics org",1858,5321,,,http://Biomathematics.org/index.php/Main_Page
Ethnomics.com,1858,5320,,,http://Ethnomics.com/index.php/Main_Page
Ethnome.net,1858,5320,,,http://Ethnome.net/index.php/Main_Page
Diagnomics.net,1858,5327,,,http://Diagnomics.net/index.php/Main_Page
Jongbhak.org,1858,5322,,,http://Jongbhak.org/index.php/Main_Page
"Aginglab com",1858,5321,,,http://Aginglab.com/index.php/Main_Page
Antibodymicroarray.net,1858,5321,,,http://Antibodymicroarray.net/index.php/Main_Page
Archaeogenetics.net,1858,5321,,,http://Archaeogenetics.net/index.php/Main_Page
Antibodyarray.net,1858,5321,,,http://Antibodyarray.net/index.php/Main_Page
"Genomebuilder com",1858,5321,,,http://Genomebuilder.com/index.php/Main_Page
Dnalink.kr,1858,5321,,,http://Dnalink.kr/index.php/Main_Page
Referencegenome.kr,1858,5321,,,http://Referencegenome.kr/index.php/Main_Page
Physiogenomics.com,1858,5321,,,http://Physiogenomics.com/index.php/Main_Page
Nutrigenome.com,1858,5321,,,http://Nutrigenome.com/index.php/Main_Page
Antigenome.com,1858,5321,,,http://Antigenome.com/index.php/Main_Page
"Biopeople net",1858,5327,,,http://Biopeople.net/index.php/Main_Page
Herbolomics.com,1858,5321,,,http://Herbolomics.com/index.php/Main_Page
"Yisunshin net",1858,5321,,,http://Yisunshin.net/index.php/Main_Page
Ugenome.net,1858,5321,,,http://Ugenome.net/index.php/Main_Page
Biogift.net,1858,5321,,,http://Biogift.net/index.php/Main_Page
Africangenome.net,1858,5321,,,http://Africangenome.net/index.php/Main_Page
Mitochondriomics.com,1858,5321,,,http://Mitochondriomics.com/index.php/Main_Page
Pharmacogenome.net,1858,5321,,,http://Pharmacogenome.net/index.php/Main_Page
Archaeogenomics.com,1858,5321,,,http://Archaeogenomics.com/index.php/Main_Page
Robogenomics.org,1858,5321,,,http://Robogenomics.org/index.php/Main_Page
Bioinfra,1858,5321,,,http://Bioinfra.net/index.php/Main_Page
"Biofact org",1858,5321,,,http://Biofact.org/index.php/Main_Page
"Biopage net",1858,5321,,,http://Biopage.net/index.php/Main_Page
"Biophilosophy org",1858,5321,,,http://Biophilosophy.org/index.php/Main_Page
Bioseminar.org,1858,5321,,,http://Bioseminar.org/index.php/Main_Page
Antibodychip.net,1858,5321,,,http://Antibodychip.net/index.php/Main_Page
Biodb.net,1858,5321,,,http://Biodb.net/index.php/Main_Page
Freegenomics.org,1858,5321,,,http://Freegenomics.org/index.php/Main_Page
Bioperl,1858,5321,,,http://Bioperl.net/index.php/Main_Page
Agedb.com,1858,5321,,,http://Agedb.com/index.php/Main_Page
Genomefact.com,1858,5321,,,http://Genomefact.com/index.php/Main_Page
Biouniverse.net,1858,5321,,,http://Biouniverse.net/index.php/Main_Page
Gerobio.com,1858,5321,,,http://Gerobio.com/index.php/Main_Page
Physiogenome.com,1858,5321,,,http://Physiogenome.com/index.php/Main_Page
Physiome.net,1858,5321,,,http://Physiome.net/index.php/Main_Page
"Bioengland com",1858,5321,,,http://Bioengland.com/index.php/Main_Page
"Toxicogenomics org",1858,5321,,,http://Toxicogenomics.org/index.php/Main_Page
"Biocloud kr",1858,5321,,,http://Biocloud.kr/index.php/Main_Page
Pharmacogenome.org,1858,5321,,,http://Pharmacogenome.org/index.php/Main_Page
Geron.net,1858,5321,,,http://Geron.net/index.php/Main_Page
Proteinfolds,1858,5321,,,http://Proteinfolds.com/index.php/Main_Page
"Transcriptomics net",1858,5321,,,http://Transcriptomics.net/index.php/Main_Page
Biocountry.net,1858,5321,,,http://Biocountry.net/index.php/Main_Page
Biotasmania.com,1858,5321,,,http://Biotasmania.com/index.php/Main_Page
Dachaja.net,1858,5321,,,http://Dachaja.net/index.php/Main_Page
Ethnicomics.com,1858,5321,,,http://Ethnicomics.com/index.php/Main_Page
Bioinformics.com,1858,5321,,,http://Bioinformics.com/index.php/Main_Page
Biomedicare.org,1858,5321,,,http://Biomedicare.org/index.php/Main_Page
Arabianwolf.com,1858,5321,,,http://Arabianwolf.com/index.php/Main_Page
"Bioandroid com",1858,5321,,,http://Bioandroid.com/index.php/Main_Page
Gerotest.net,1858,5321,,,http://Gerotest.net/index.php/Main_Page
Genomechina.net,1858,5321,,,http://Genomechina.net/index.php/Main_Page
Nakedmolerat.net,1858,5321,,,http://Nakedmolerat.net/index.php/Main_Page
Biorecords,1858,5321,,,http://Biorecords.com/index.php/Main_Page
Healthome.com,1858,5322,,,http://Healthome.com/index.php/Main_Page
Georgechurch.net,1858,5321,,,http://Georgechurch.net/index.php/Main_Page
Bioprospecting.net,1858,5321,,,http://Bioprospecting.net/index.php/Main_Page
"Bioeconomy org",1858,5321,,,http://Bioeconomy.org/index.php/Main_Page
Personaltranscriptome.com,1858,5321,,,http://Personaltranscriptome.com/index.php/Main_Page
"Biolists org",1858,5321,,,http://Biolists.org/index.php/Main_Page
Biomethod.org,1858,5321,,,http://Biomethod.org/index.php/Main_Page
Bioassociation.net,1858,5321,,,http://bioassociation.net/index.php/Main_Page
Bacteria.kr,1858,5321,,,http://Bacteria.kr/index.php/Main_Page
Batgenome.net,1858,5321,,,http://Batgenome.net/index.php/Main_Page
Biosuriname,1858,5321,,,http://Biosuriname.com/index.php/Main_Page
Biolists.net,1858,5321,,,http://Biolists.net/index.php/Main_Page
Manioc.net,1858,5321,,,http://Manioc.net/index.php/Main_Page
Epigenome.net,1858,5321,,,http://Epigenome.net/index.php/Main_Page
Biou.net,1858,5321,,,http://Biou.net/index.php/Main_Page
"Bionanodrug com",1858,5321,,,http://Bionanodrug.com/index.php/Main_Page
Biosyntax.net,1858,5321,,,http://Biosyntax.net/index.php/Main_Page
Suicidomics.com,1858,5321,,,http://Suicidomics.com/index.php/Main_Page
Bioandroid.org,1858,5321,,,http://Bioandroid.org/index.php/Main_Page
Oncotest.net,1858,5321,,,http://Oncotest.net/index.php/Main_Page
Antibodyomics.com,1858,5321,,,http://Antibodyomics.com/index.php/Main_Page
Bioswitzerland.org,1858,5321,,,http://Bioswitzerland.org/index.php/Main_Page
Speciesdictionary,1858,5321,,,http://Speciesdictionary.com/index.php/Main_Page
Jaesu.org,1858,5321,,,http://Jaesu.org/index.php/Main_Page
Animalgenome.net,1858,5321,,,http://Animalgenome.net/index.php/Main_Page
Freegenomics.net,1858,5321,,,http://Freegenomics.net/index.php/Main_Page
"Yisunshin org",1858,5321,,,http://Yisunshin.org/index.php/Main_Page
Personalgenomics.org,1858,5321,,,http://Personalgenomics.org/index.php/Main_Page
Biodictionary,1858,5321,,,http://Biodictionary.org/index.php/Main_Page
Acanthopanax.org,1858,5321,,,http://Acanthopanax.org/index.php/Main_Page
Methylome.net,1858,5321,,,http://Methylome.net/index.php/Main_Page
Fungipedia.com,1858,5321,,,http://Fungipedia.com/index.php/Main_Page
Biouniversity.org,1858,5321,,,http://Biouniversity.org/index.php/Main_Page
Biocambridge.com,1858,5321,,,http://Biocambridge.com/index.php/Main_Page
Proteinexpression.net,1858,5321,,,http://Proteinexpression.net/index.php/Main_Page
Antibodyarray.org,1858,5321,,,http://Antibodyarray.org/index.php/Main_Page
"Biomama com",1858,5321,,,http://Biomama.com/index.php/Main_Page
Omics.kr,1858,5321,,,http://Omics.kr/index.php/Main_Page
Epigenomemap.org,1858,5321,,,http://Epigenomemap.org/index.php/Main_Page
Phytochrome.org,1858,5321,,,http://Phytochrome.org/index.php/Main_Page
Exome.com,1858,5321,,,http://Exome.com/index.php/Main_Page
"Yisunshin com",1858,5321,,,http://Yisunshin.com/index.php/Main_Page
Genomecenter.kr,1858,5321,,,http://Genomecenter.kr/index.php/Main_Page
Bioserv.org,1858,5321,,,http://Bioserv.org/index.php/Main_Page
Bioswitzerland.net,1858,5321,,,http://Bioswitzerland.net/index.php/Main_Page
Koreanbioinformatics.com,1858,5321,,,http://Koreanbioinformatics.com/index.php/Main_Page
Healthome.org,1858,5321,,,http://Healthome.org/index.php/Main_Page
Humangenomereference.com,1858,5321,,,http://Humangenomereference.com/index.php/Main_Page
Africangenomics.com,1858,5321,,,http://Africangenomics.com/index.php/Main_Page
"Biogerontology net",1858,5321,,,http://Biogerontology.net/index.php/Main_Page
Phenome.net,1858,5321,,,http://Phenome.net/index.php/Main_Page
Proteome.net,1858,5322,,,http://Proteome.net/index.php/Main_Page
Africangenomics.org,1858,5321,,,http://Africangenomics.org/index.php/Main_Page
Healthome.net,1858,5321,,,http://Healthome.net/index.php/Main_Page
Cyanobacteria,1858,5321,,,http://Cyanobacteria.org/index.php/Main_Page
Geroscience.net,1858,5322,,,http://Geroscience.net/index.php/Main_Page
Genomereport.kr,1858,5321,,,http://Genomereport.kr/index.php/Main_Page
Genodiversity.com,1858,5321,,,http://Genodiversity.com/index.php/Main_Page
Macrogen.kr,1858,5321,,,http://Macrogen.kr/index.php/Main_Page
Freescience.net,1858,5334,,,http://Freescience.net/index.php/Main_Page
"Yisunsin org",1858,5321,,,http://Yisunsin.org/index.php/Main_Page
"Biofoundation net",1858,5321,,,http://Biofoundation.net/index.php/Main_Page
Omicscenter.kr,1858,5321,,,http://Omicscenter.kr/index.php/Main_Page
Plantpedia.net,1858,5321,,,http://plantpedia.net/
Enviromics.org,1859,5309,,,http://Enviromics.org/index.php/Main_Page
Thai-Sprachtrainer.com,1859,2075,,,http://thai-sprachtrainer.com/wiki/index.php/Hauptseite
Biouniverse.org,1859,5301,,,http://Biouniverse.org/index.php/Main_Page
Biomatics.net,1859,5302,,,http://Biomatics.net/index.php/Main_Page
Antibodyome.org,1859,5302,,,http://Antibodyome.org/index.php/Main_Page
Moleculome.org,1859,5302,,,http://Moleculome.org/index.php/Main_Page
Biosequencer.net,1859,5322,,,http://Biosequencer.net/index.php/Main_Page
Casava.org,1859,5322,,,http://Casava.org/index.php/Main_Page
Robogenome.com,1859,5322,,,http://Robogenome.com/index.php/Main_Page
Lipoproteomics.org,1859,5322,,,http://Lipoproteomics.org/index.php/Main_Page
Biojustice,1859,5323,,,http://Biojustice.org/index.php/Main_Page
Networkome.com,1859,5322,,,http://Networkome.com/index.php/Main_Page
Bioprograms,1859,5322,,,http://Bioprograms.com/index.php/Main_Page
Antibodyome.com,1859,5322,,,http://Antibodyome.com/index.php/Main_Page
"Cedar Rapids Language Arts Wiki",1860,3964,,,http://wiki.cr.k12.ia.us/wiki/index.php/Main_Page
"RWTH Jabber",1860,4709,,,http://j-u-n-e.org/wiki/Hauptseite
"Yisunshin kr",1860,5531,,,http://Yisunshin.kr/index.php/Main_Page
Moleculome.com,1860,5323,,,http://Moleculome.com/index.php/Main_Page
"Biofoundation com",1860,5323,,,http://Biofoundation.com/index.php/Main_Page
Bluemacaw.net,1860,5323,,,http://Bluemacaw.net/index.php/Main_Page
Methylome.org,1860,5323,,,http://Methylome.org/index.php/Main_Page
Biosequencer.com,1860,5323,,,http://Biosequencer.com/index.php/Main_Page
"Salish Sea Wiki",1861,9143,,,https://salishsearestoration.org/wiki/Welcome_to_Salish_Sea_Restoration
Biotable,1861,5324,,,http://Biotable.net/index.php/Main_Page
"MIREX Wiki",1861,7501,,,http://www.music-ir.org/mirex/wiki/MIREX_HOME
"MoodleDocs 1.x (fr)",1862,11357,"open source,software,moodle",Farm:MoodleDocs,http://docs.moodle.org/19/fr/Accueil
Spixmacaw.org,1862,5298,,,http://Spixmacaw.org/index.php/Main_Page
Bioinformatics.or,1862,5298,,,http://Bioinformatics.or.kr/index.php/Main_Page
Bioinfomechanics.com,1862,5298,,,http://Bioinfomechanics.com/index.php/Main_Page
Genomecare.net,1862,5298,,,http://Genomecare.net/index.php/Main_Page
Bioproduction.net,1862,5298,,,http://Bioproduction.net/index.php/Main_Page
Cryptochromics.com,1862,5298,,,http://Cryptochromics.com/index.php/Main_Page
Genethesizer.org,1862,5298,,,http://Genethesizer.org/index.php/Main_Page
Robogenomics.net,1862,5298,,,http://Robogenomics.net/index.php/Main_Page
Gynthesizer.com,1862,5298,,,http://Gynthesizer.com/index.php/Main_Page
Phytochromics.org,1862,5298,,,http://Phytochromics.org/index.php/Main_Page
Genoversity.net,1862,5298,,,http://Genoversity.net/index.php/Main_Page
Bioprospection.org,1862,5298,,,http://Bioprospection.org/index.php/Main_Page
Learmacaw.com,1862,5298,,,http://Learmacaw.com/index.php/Main_Page
Cryptochrome.com,1862,5298,,,http://Cryptochrome.com/index.php/Main_Page
Thegenomicsinstitute.com,1862,5301,,,http://Thegenomicsinstitute.com/index.php/Main_Page
Ugenome.org,1862,5298,,,http://Ugenome.org/index.php/Main_Page
Phytochromics.com,1862,5298,,,http://Phytochromics.com/index.php/Main_Page
Synechosystis.com,1862,5298,,,http://Synechosystis.com/index.php/Main_Page
Bionetworks.org,1862,5298,,,http://Bionetworks.org/index.php/Main_Page
Membraneproteomics.com,1862,5298,,,http://Membraneproteomics.com/index.php/Main_Page
Umbrellacockatoo.net,1862,5298,,,http://Umbrellacockatoo.net/index.php/Main_Page
Robogenome.net,1862,5298,,,http://Robogenome.net/index.php/Main_Page
Thegenomeinstitute.com,1862,5298,,,http://Thegenomeinstitute.com/index.php/Main_Page
Hygienome.com,1862,5298,,,http://Hygienome.com/index.php/Main_Page
Thegenomicsinstitute.net,1862,5298,,,http://Thegenomicsinstitute.net/index.php/Main_Page
Personaltranscriptomics.com,1862,5298,,,http://Personaltranscriptomics.com/index.php/Main_Page
Bioinfonics.com,1862,5298,,,http://Bioinfonics.com/index.php/Main_Page
Biovanuatu.com,1862,5298,,,http://Biovanuatu.com/index.php/Main_Page
Thegenomeinstitute.net,1862,5298,,,http://Thegenomeinstitute.net/index.php/Main_Page
Udna.org,1862,5298,,,http://Udna.org/index.php/Main_Page
Bioinfotromechanics.com,1862,5298,,,http://Bioinfotromechanics.com/index.php/Main_Page
Biobrazil.net,1862,5325,,,http://Biobrazil.net/index.php/Main_Page
Humandisease.net,1862,5325,,,http://Humandisease.net/index.php/Main_Page
Biotransistor.com,1862,5325,,,http://Biotransistor.com/index.php/Main_Page
Promoteromics.com,1862,5325,,,http://Promoteromics.com/index.php/Main_Page
Heteromer,1862,5325,,,http://Heteromer.com/index.php/Main_Page
Proteinnetwork,1862,5325,,,http://Proteinnetwork.net/index.php/Main_Page
Humaninteraction.org,1862,5325,,,http://Humaninteraction.org/index.php/Main_Page
Geneinteraction,1862,5325,,,http://Geneinteraction.com/index.php/Main_Page
Hygienomics.com,1862,5325,,,http://Hygienomics.com/index.php/Main_Page
Sequencedb.com,1862,5325,,,http://Sequencedb.com/index.php/Main_Page
Biopump,1862,5325,,,http://Biopump.net/index.php/Main_Page
Glyoxysome.com,1862,5325,,,http://Glyoxysome.com/index.php/Main_Page
"Biocourse net",1862,5325,,,http://Biocourse.net/index.php/Main_Page
Proteindb.com,1862,5325,,,http://Proteindb.com/index.php/Main_Page
"Biogrammar com",1862,5325,,,http://Biogrammar.com/index.php/Main_Page
Biovietnam.org,1862,5325,,,http://Biovietnam.org/index.php/Main_Page
Genomedb.net,1862,5325,,,http://Genomedb.net/index.php/Main_Page
Biogirl,1862,5325,,,http://Biogirl.net/index.php/Main_Page
BioPHP,1862,5325,"software,bioinformatics,php","Farm:Open Bioinformatics",http://Biophp.net/index.php/Main_Page
Birdspedia,1862,5325,,,http://Birdspedia.com/index.php/Main_Page
Gerontomics,1862,5325,,,http://Gerontomics.com/index.php/Main_Page
Cybrid.org,1862,5325,,,http://Cybrid.org/index.php/Main_Page
Genomejapan.com,1862,5325,"research,biology",,http://Genomejapan.com/index.php/Main_Page
Biowiki.com,1862,5343,,,http://Biowiki.com/index.php/Main_Page
Biotraining.net,1862,5325,,,http://Biotraining.net/index.php/Main_Page
Bioassociation.org,1862,5325,,,http://bioassociation.org/index.php/Main_Page
Biocosmology.net,1862,5325,,,http://Biocosmology.net/index.php/Main_Page
Micromics,1862,5325,,,http://Micromics.net/index.php/Main_Page
"CBLFS (hints)",1863,2282,,,http://hints.cross-lfs.org/index.php/Main_Page
Ethnicome.org,1863,5303,,,http://Ethnicome.org/index.php/Main_Page
Ethnicomics.org,1863,5304,,,http://Ethnicomics.org/index.php/Main_Page
Proteinworld.net,1863,5327,,,http://Proteinworld.net/index.php/Main_Page
Morphome.com,1863,5326,,,http://Morphome.com/index.php/Main_Page
Expressome.org,1863,5326,,,http://Expressome.org/index.php/Main_Page
Networkinformatics,1863,5326,,,http://Networkinformatics.com/index.php/Main_Page
Asiagenome.net,1863,5326,,,http://Asiagenome.net/index.php/Main_Page
Agingcenter.net,1863,5346,,,http://Agingcenter.net/index.php/Main_Page
Biocomplex.net,1863,5326,,,http://Biocomplex.net/index.php/Main_Page
Biosites.org,1863,5326,,,http://Biosite.org/index.php/Main_Page
Bioanthropology,1863,5326,,,http://Bioanthropology.net/index.php/Main_Page
Bioring.net,1863,5326,,,http://Bioring.net/index.php/Main_Page
Networkbiology.org,1863,5333,,,http://Networkbiology.org/index.php/Main_Page
Immunogenomics.net,1864,5327,,,http://Immunogenomics.net/index.php/Main_Page
Biosoftware.org,1864,5327,,,http://Biosoftware.org/index.php/Main_Page
Biotaxonomy,1864,5327,,,http://Biotaxonomy.com/index.php/Main_Page
Ectosymbiosis.com,1864,5327,,,http://Ectosymbiosis.com/index.php/Main_Page
Chinagenome.net,1864,5327,,,http://Chinagenome.net/index.php/Main_Page
Receptoromics,1864,5327,,,http://Receptoromics.com/index.php/Main_Page
Regulome,1864,5329,,,http://Regulome.net/index.php/Main_Page
Cytoplasm,1864,5327,,,http://Cytoplasm.org/index.php/Main_Page
Nutritionomics,1864,5327,spam,,http://Nutritionomics.com/index.php/Main_Page
Tankpedia,1865,2644,,,http://wiki.tankpedia.org/
위클립스,1865,12723,,,http://eclipse.or.kr/wiki/대문
Kuutõrvaja,1865,30649,,,http://kuutorvaja.eenet.ee/wiki/Kuutõrvaja
Freegenomics.com,1865,5590,,,http://Freegenomics.com/index.php/Main_Page
Biosystematics.net,1866,5329,,,http://Biosystematics.net/index.php/Main_Page
Humanageing,1866,5329,,,http://Humanageing.com/index.php/Main_Page
"Bioeconomy net",1866,5329,bioeconomy,,http://Bioeconomy.net/index.php/Main_Page
Steroidome,1866,5329,,,http://Steroidome.com/index.php/Main_Page
DavinciWiki,1866,9869,,,http://davinci.asu.edu/index.php?title=Main_Page
Biowords.net,1867,5330,,,http://Biowords.net/index.php/Main_Page
Chinagenomics.net,1867,5330,,,http://Chinagenomics.net/index.php/Main_Page
Macrogen.net,1867,5330,,,http://Macrogen.net/index.php/Main_Page
Africangenome.org,1867,5381,,,http://Africangenome.org/index.php/Main_Page
"Weber County Wiki",1868,8570,,,http://www1.co.weber.ut.us/mediawiki/index.php/Main_Page
"Howtopedia (fr)",1868,63212,,Farm:Howtopedia,http://fr.howtopedia.org/
Theragen.kr,1868,5352,,,http://Theragen.kr/index.php/Main_Page
AFRESH,1869,88710,,,http://nsfafresh.org/wiki/index.php?title=Front_Page
"Copyright Experiences",1869,3848,,,http://wiki.law.miami.edu/commons/index.php/Main_Page
Microme,1869,5332,,,http://Microme.org/index.php/Main_Page
Steroidomics,1869,5332,,,http://Steroidomics.com/index.php/Main_Page
Mitochondriome.com,1869,5332,,,http://Mitochondriome.com/index.php/Main_Page
DHPedia,1870,13025,,,http://www.dhpforum.nl/wiki/index.php/Hoofdpagina
Biomovie,1870,5333,,,http://Biomovie.net/index.php/Main_Page
Airdump.cz,1871,6534,,,http://wiki.airdump.cz/
Genomebase.com,1871,5334,,,http://Genomebase.com/index.php/Main_Page
GameWiki,1872,5344,,,http://gamewiki.eu/index.php?title=Hauptseite
Biocafe.net,1872,5335,,,http://Biocafe.net/index.php/Main_Page
"NeOn Wiki",1874,5810,,,http://neon-toolkit.org/wiki/Main_Page
Genebase,1874,5337,,,http://Genebase.net/index.php/Main_Page
"Christian IV",1875,6020,,,http://polyamori.no/w/index.php/Hovedside
"Otp22 db",1875,10762,"game maker",Farm:Referata,http://otp22.referata.com/wiki/Main_Page
Personalgenome.net,1875,6528,,,http://Personalgenome.net/index.php/Main_Page
"Glossar des Buddhismus",1875,4031,"buddhism,dictionary",,http://www.buddhismuswiki.de/
"Bioencyclopaedia com",1876,5339,,,http://Bioencyclopaedia.com/index.php/Main_Page
Lcgwiki,1876,8372,,,http://lcg.in2p3.fr/wiki/index.php?title=Accueil
"Wiki Animers",1877,4911,,,http://wiki.animeymanga.com/index.php/Página_principal
"Bri's Mod",1877,24615,,,http://brismod.com/wiki/index.php/Main_Page
"LuxRender Wiki",1878,13352,,,http://www.luxrender.net/wiki/Main_Page
Asiangenome.org,1878,5341,,,http://Asiangenome.org/index.php/Main_Page
"Evergreen Trail Guide",1879,10964,,,http://trails.evergreenmtb.org/wiki/Main_Page
"The Lion King Wiki",1879,4723,,,http://www.mylionking.com/wiki/The_Lion_King_Wiki
Hepatogenomics.com,1879,5342,,,http://Hepatogenomics.com/index.php/Main_Page
"Wazeopedia (Israel)",1879,9713,waze,Farm:Wazeopedia,https://wazeopedia.waze.com/wiki/Israel
"Koreha Zombie Desuka Wiki",1879,4080,,Farm:Wikia,https://korehazombiedesuka.fandom.com/wiki/Koreha_Zombie_Desuka_Wiki
Mycopedia,1880,5002,,,http://mycopedia.org/index.php/Main_Page
Axaptapedia,1880,35370,,,http://www.axaptapedia.com/Main_Page
Birdpedia,1881,5344,,,http://Birdpedia.net/index.php/Main_Page
"Infinite Crisis Wiki",1881,5754,,Farm:Gamepedia,http://infinitecrisis.gamepedia.com/Infinite_Crisis_Wiki
"Official Stronghold Kingdoms Wiki",1882,5595,,,http://wiki.strongholdkingdoms.com/index.php/Main_Page
WikiPartido,1882,7114,,,http://wikipartido.es/index.php?title=Página_principal
"Wikimania 2006",1882,12289,"conference,wikimedia,wikimania",Farm:Wikimania,http://wikimania2006.wikimedia.org/wiki/Main_Page
Proteinmap,1882,5345,,,http://Proteinmap.com/index.php/Main_Page
"The University of Akron Support Center Wiki",1882,11390,,,http://support.uakron.edu/wiki/index.php/Main_Page
BioMineWiki,1883,9299,,,http://wiki.biomine.skelleftea.se/wiki/index.php/Main_Page
"Twisted Nether Wiki",1883,7163,,,http://wiki.twistednether.net/index.php?title=Main_Page
Security101,1883,11355,,,http://www.blackhatlibrary.net/
"Polcompball Wiki Polska",1883,3649,,Farm:Ballmedia,https://polcompballpl.miraheze.org/
WikiSki,1884,38487,,,http://wikiski.com/wiki/index.php/Main_Page
Archivopedia,1884,12021,,,http://www.archivopedia.com/wiki/index.php?title=Main_Page
"2Value wiki 2",1885,13878,,,http://wiki.2value.nl/index.php?title=Main_Page
Humanproteome.org,1885,5348,,,http://Humanproteome.org/index.php/Main_Page
Zombiepedia,1885,8114,,Farm:Uncyclomedia.org,http://zombie.pedia.ws/wiki/Main_Page
Kibs.ch,1887,10509,,,http://kibs.ch/Hauptseite
Metagenes,1889,6061,"science,bioinformatics",,http://annotathon.org/Metagenes/index.php/Metagenes
"David Spencer's Education Paragon",1889,22559,,,http://education.davidspencer.ca/wiki/Main_Page
"Astrowiki (en)",1889,10992,astrology,Farm:AstroWiki,http://wiki.astro.com/astrowiki/en/
Vozdemitierra,1890,9282,,,http://vozdemitierra.freewiki.in/index.php/Portada
"Highdeology Wiki",1890,11710,,Farm:Miraheze,https://www.highdeologywiki.com/
PHWiki,1892,8032,,,http://www.pocketheaven.com/ph/wiki/index.php?title=Main_Page
CareersWiki,1892,37835,,,http://www.st-andrews.ac.uk/careers/wiki/Main_Page
Plantpedia.org,1892,5601,,,http://Plantpedia.org/index.php/Main_Page
Doc.ubuntu-es,1893,15637,,,http://doc.ubuntu-es.org/Documentación
Topicscape,1893,4127,,,http://www.topicscape.com/topicscape-wiki/index.php?title=Main_Page
MUME,1893,6615,"games,roleplaying",,http://www.mume.org/wiki/index.php/Main_Page
"Medical-Objects Documentation Wiki",1894,6162,,,http://wiki.medical-objects.com.au/index.php/Main_Page
TheWiki,1894,12920,,,http://www.thewiki.de/wiki/
Wikimass,1894,6783,,,https://wikimass.org/
"Financial Glossary",1895,15864,,,http://glossary.reuters.com/index.php?title=Main_Page
AGKFF,1895,5299,,,http://www.agkff.de/wiki/Hauptseite
IGNwiki,1895,3722,,,http://igos-nusantara.or.id/wiki/index.php?title=Halaman_Utama
"드래곤 케이브 한국어 위키",1895,3255,"dragon cave",Farm:Fandom,https://dragcave.fandom.com/ko/
"MediaWiki Archivio Storico PUG",1896,6696,,,http://mediawikiarchivio.unigre.it/mediawiki/
Wi(st-ki),1896,5812,,,http://wiki.wist.uni-linz.ac.at/index.php/Main_Page
FF-Wiki,1897,9137,,,http://www.ff-wiki.de/Hauptseite
Puzzlearchive.com,1897,4068,,,http://www.puzzlearchive.com/puzzlewiki/Puzzle_archive
"France Politique",1897,30183,"france,politics",,http://www.france-politique.fr/wiki/
"포켓몬샘플 위키",1897,6775,pokémon,Farm:Fandom,https://pokesample.fandom.com/ko
"Music Reference Wiki",1898,3041,"music,dance",,http://musrefwiki.lib.byu.edu/index.php/Main_Page
Gflk.de,1898,11262,,,http://gflk.de/index.php?title=Hauptseite
Biocourse.org,1899,5362,,,http://Biocourse.org/index.php/Main_Page
Polycount,1899,9104,,,http://wiki.polycount.com/wiki/Polycount
LiteratePrograms,1900,20167,"computer science,programming,code",,http://en.literateprograms.org/LiteratePrograms:Welcome
Biojournal.org,1900,5696,,,http://Biojournal.org/index.php/Main_Page
Monkeypedia.org,1901,7480,,,http://Monkeypedia.org/index.php/Main_Page
Wikonsult,1901,5531,"medecine,collaborative,learning",,https://wikonsult.org
"Leadwerks Developer Wiki",1902,14312,,,http://www.leadwerks.com/wiki/index.php?title=Main_Page
Doggenome.org,1902,5379,,,http://Doggenome.org/index.php/Main_Page
Saxsvs,1902,2365,,,http://saxsvs.de/index.php/Hauptseite
"Logi Wiki",1902,5482,"apple,iphone,mac,mac os x,macbook,ios",,https://logi.wiki
SoilsWorldwide,1903,5917,,,http://www.soilsworldwide.net/index.php/Main_Page
"Ярославский Государственный Университет им. П.Г. Демидова",1903,8777,,,http://old.uniyar.ac.ru/index.php/Заглавная_страница
"Immersive Visualization Lab Wiki",1903,14039,,,http://ivl.calit2.net/wiki/index.php/Main_Page
"Stardew Valley Wiki (ru) (old)",1903,11173,stardewvalley,"Farm:Stardew Valley",https://ru.stardewcommunitywiki.com/Stardew_Valley_Wiki
Shmmywiki,1903,9683,,,https://shmmy.ntua.gr/wiki/index.php/Αρχική_σελίδα
Bioos.org,1903,5585,,,http://bioos.org/index.php/Main_Page
Eyewiki,1903,6370,,,https://eyewiki.net/
Wikicollect,1904,13370,wiki,,http://wikicollect.myht.org/wiki/メインページ
"A Light in the Dark",1904,10717,,,http://thedark.run/
Learn.equalit.ie,1905,6218,,,https://learn.equalit.ie/wiki/Main_Page
"Xsyon Wiki",1906,2866,mmorpg,,http://www.xsyon.com/info/
Roleropedia,1906,11819,,,http://roleropedia.com/Portada
"OpenSUSE (ja)",1907,5679,"operating system,opensuse,linux",Farm:OpenSuse,http://ja.opensuse.org/メインページ
"Suzuki Wiki",1907,2067,,,http://www.suzuki-tech.com/wiki/Suzuki_Wiki
"Sun Ray User Group Wiki",1907,5524,,,http://wiki.sun-rays.org/index.php/Sun_Ray_Community
"Appipedia Games",1907,2398,"application,games",Farm:Appipedia,http://games.appipedia.com/wiki/
"The Science Fiction Forum Wiki",1908,8729,,,http://www.sf4m.org/wiki/index.php?title=Main_Page
Wurst-Wasser.net,1908,6027,,,http://www.wurst-wasser.net/wiki/index.php/Main_Page
"Omni Oakland",1908,6675,,,https://omnicommons.org/wiki/
IW-Wiki,1908,3824,,,http://www.iw.anandawiki.com/index.php?title=Main_Page
Kamwoods,1909,1999,,,http://digpres.com/index.php?title=Main_Page
"Wake Up Girls Wiki",1909,4974,,Farm:Wikia,https://wake-up-girls.fandom.com/wiki/Wake_Up_Girls_Wiki
"The Open Source Backup Wiki",1909,9850,software,,http://wiki.zmanda.com/index.php/Main_Page
"TEHCC Wiki",1909,11038,,,http://tehcc.org/wiki/Main_Page
Ignhl,1911,5309,,,http://ignhl.wiki-site.com/index.php/Main_Page
911myths,1911,6002,911,,http://www.911myths.com/index.php/Main_Page
Psykopedia,1912,3247,,Farm:Wikkii,http://psykopedia.wikkii.com/
Teampedia,1912,122409,"collaboration,icebreakers,team building,teamwork",,http://www.teampedia.net/wiki/
Geos-chem,1913,50181,,,http://wiki.seas.harvard.edu/geos-chem/index.php/Main_Page
"Tansania Information",1913,1946,,,http://tansania-information.de/index.php?title=Hauptseite
"Official micdoodle8 Wiki",1914,4574,,"Farm:Indie Wikis",http://wiki.micdoodle8.com/wiki/
"Hokuto No Wiki",1914,6023,,,http://lnx.hokutonoken.it/Homepage
"CryWiki Russia",1915,7271,,,http://wiki.crymod.net/index.php/Заглавная_страница
"Wiktionary (ay)",1915,16033,,Farm:Wiktionary,http://ay.wiktionary.org/
"Ethereal Farms",1916,3301,,,http://etherealfarms.com/w/index.php/Ethereal_Farms
PGWiki,1916,12745,,,http://www.potatogim.net/wiki/
"Wiki Knowledge Base (teltonika-sas.com)",1916,72398,,,https://wiki.teltonika-sas.com/
"Pop'n Music Wiki",1916,6250,"video games,rhythm games",Farm:Miraheze,https://popnmusic.miraheze.org/wiki/Main_Page
"WildStar NASA Reference Wiki",1917,2990,,,http://wiki.wildstarnasa.com/index.php?title=Main_Page
"Personenlexikon BL",1917,11432,,,https://personenlexikon.bl.ch/Hauptseite
"Stardew Valley Wiki (pt) (old)",1918,18418,stardewvalley,"Farm:Stardew Valley",https://pt.stardewcommunitywiki.com/Stardew_Valley_Wiki
TeachToolsWiki,1919,15012,,,http://www.hofstrateach.org/index.php?title=Main_Page
D'ni,1919,9197,,Farm:Wikia,http://dni.wikia.com/wiki/D'ni_Wiki
Soma-notes,1919,24223,,,http://homeostasis.scs.carleton.ca/wiki/index.php/Main_Page
"Square Enix Wiki (Sevengamer.de)",1920,6664,,Farm:Sevengamer.de,http://sqex.sevengamer.de/wiki/
GIC,1920,13689,,,http://www.ehu.es/ccwintco/index.php/Página_principal
"Autism Wiki",1921,11165,,Farm:Wikia,https://autism-awareness.fandom.com/wiki/Autism_Wiki
"Yuru Camp Wiki",1921,6630,houbunsha,Farm:Wikia,https://yuru-camp.fandom.com/wiki/Yuru_Camp_Wiki
NEILIXANDRIA,1922,3660,,,http://neilixandria.com/index.php/Main_Page
"WG wiki",1923,7725,,,http://wiki.webgame.cz/index.php/Hlavní_strana
Hsilamot,1923,3769,personal,,http://www.hsilamot.info/
Iibis,1923,38955,,,http://imaging.indyrad.iupui.edu/testwiki/index.php/Main_Page
Babilim,1923,3052,,,http://www.babilim.net/index.php?title=Ana_Sayfa
"The Mickey Wiki",1923,14318,"disney,entertainment",,http://themickeywiki.com/index.php?title=The_Mickey_Wiki:_Your_Walt_Disney_World_Encyclopedia!
Taijitu,1925,10831,,,http://wiki.taijitu.org/wiki/Main_Page
Nutritionome,1925,5388,,,http://Nutritionome.com/index.php/Main_Page
"Memory Alpha (zh-cn)",1925,6468,,"Farm:Memory Alpha",http://zh-cn.memory-alpha.org/wiki/
ClassicKidsTv.co.uk,1926,5093,,,http://classickidstv.co.uk/wiki/ClassicKidsTv_Home
KIAwiki,1926,8126,,,http://kiamagic.com/wiki/
"Backflip Wiki",1926,4127,,Farm:Wikia,https://backflip.fandom.com/wiki/Backflip_Wiki
"Grytdalen Naturreservat",1926,4973,,,http://grytdalen.com/wiki/index.php/Grytdalen_Naturreservat
"Geoportal RLP",1926,2956,,,http://www.geoportal.rlp.de/mediawiki/index.php/Hauptseite
Docs.kaneva.com,1927,33452,,,http://docs.kaneva.com/mediawiki/index.php/Main_Page
ADHSpedia,1927,27913,,,http://www.adhspedia.de/wiki/Hauptseite
Mikipedia,1928,4694,,,http://miki.vocaloid.fr/index.php/Accueil
YaCyWiki,1928,35018,,,http://www.yacy-websuche.de/wiki/index.php/Hauptseite
OMAPpedia,1928,18076,,,http://omappedia.org/wiki/
"AquaPedia Case Study Database",1928,11841,,,http://aquapedia.waterdiplomacy.org/wiki/index.php?title=Main_Page
"Touhou Edge of Perspective",1929,15673,,,http://rp.edgeofperspective.net/Touhou_Edge_of_Perspective
BMW-Bike-Forum,1929,13005,,,http://wiki.bmw-bike-forum.info/
SklogWiki,1930,15013,"science,thermodynamics,statistical mechanics,education",,http://147.96.5.37/SklogWiki/index.php/Main_Page
"Удмуртская вики",1930,2556,,,http://vorshud.unatlib.org.ru/index.php/Заглавная_страница
"LDS Sunday School",1932,3319,,,http://www.ldssundayschool.org/Main_Page
Lambda,1932,18928,,,http://lambda.ee/wiki/Esileht
"Medieval Europe",1932,24270,,,http://wiki.medieval-europe.eu/index.php?title=Main_Page
"Wiktionary (zu)",1933,14159,,Farm:Wiktionary,http://zu.wiktionary.org/
Wikimanga,1934,11036,,,http://www.wikimanga.net/wiki/Portada
WikiManga,1934,11036,,,http://wikimanga.net/wiki/Portada
ZoidsEvolution.net,1934,17389,,,http://zoidswiki.ligersunion.com/index.php?title=Main_Page
"NSMBW Modding Database",1934,5468,"super mario,video games,modding",Farm:Miraheze,https://horizon.miraheze.org/wiki/Main_Page
"Blue Engineering",1935,15430,,,http://blue-eng.km.tu-berlin.de/index.php/
Poserpedia,1937,4246,,,http://www.poserpedia.com/index.php?title=Main_Page
"ECGpedia (nl)",1937,7376,,Farm:ECGpedia,http://nl.ecgpedia.org/wiki/
WikiDsy,1938,13128,,,http://wiki.dsy.it/w/Pagina_principale
"Minko 3 Documentation",1939,3757,,,http://doc.v3.minko.io/wiki/Main_Page
"Центр поддержки системы бронирования",1939,17139,,,http://support.nemo.travel/ru/Заглавная_страница
"Friends of Math",1940,52258,,,http://friendsofmath.org/index.php?title=Welcome_to_Friends_of_Math
"Wormhole MUD Wiki",1941,2638,,,http://wormhole.se/index.php/Main_Page
"Wikibooks (mk)",1941,10983,books,Farm:Wikibooks,http://mk.wikibooks.org/wiki
Covolution.org,1942,7251,,,http://Covolution.org/index.php/Main_Page
"Westmärker Wiki",1942,23041,,,http://www.vexilli.net/w/Hauptseite
"Miki (data)",1942,2101,"matrix.org,communication,matrix,database,repository",Farm:Miki,https://data.miki.community/wiki/
Wiki-City.info,1943,10254,,,http://wiki-city.info/index.php?title=Заглавная_страница
Asaction,1943,8157,,,http://www.editthis.info/asaction/Main_Page
Whalepedia.org,1946,5939,,,http://Whalepedia.org/index.php/Main_Page
Miscelaneous,1948,3950,,,http://miscelaneous.wiki-site.com/index.php/Portada
Päijät-Häme-wiki,1948,12772,,,http://www.paijat-hamewiki.fi/
"Emerald Kingdompedia",1949,8895,,,http://kingdompedia.emeraldkingdom.com/wiki/Main_Page
"SD Gundam G Generation Wars Wiki",1950,8231,,Farm:ShoutWiki,http://ggenwars.shoutwiki.com/wiki/SD_Gundam_G_Generation_Wars_Wiki
"Cat OPIDoR",1950,16320,,,"https://cat.opidor.fr/index.php/Cat_OPIDoR,_wiki_des_services_dédiés_aux_données_de_la_recherche"
Iph-partnership.org,1953,7654,,,http://www.iph-partnership.org/index.php?title=Main_Page
"GamerGate Wiki",1953,7085,"journalism,video games",,http://thisisvideogames.com/gamergatewiki/
TransitionSheffield,1954,4976,,,https://wiki.transitionsheffield.org.uk/Main_Page
Adelaidepedia,1954,5768,"adelaide,australia,city wiki",,http://adelaidepedia.com.au/wiki/
"Hackerspace Bamberg - Backspace",1954,21828,,,http://www.hackerspace-bamberg.de/Hauptseite
"Moegirllibrary (zh)",1954,15860,"anime,manga,moe",Farm:Moegirlpedia,https://library.moegirl.org.cn/Mainpage
"Vanishing Point Wiki",1955,2355,,,http://vanishingpointwiki.com/wiki/Main_Page
Weltmachtgeld,1955,618827,,,http://weltmachtgeld.tnparty.eu/index.php/Main_Page
SavoirToutFaire,1956,10438,,,http://www.savoirtoutfaire.com/wiki/Accueil.html
IntelliJ-Wiki,1956,5620,,,http://wiki.jetbrains.net/intellij/
Algorithmist,1956,12175,,,http://www.algorithmist.com/index.php/Main_Page
"Occupy.Net wiki",1957,11571,activism,,http://wiki.occupy.net/wiki/Main_Page
"GenWiki (en)",1957,11730,genwiki,Farm:GenWiki,http://wiki-en.genealogy.net/Main_Page
"Sam Wilson’s wiki",1957,3521,"personal,australia",,https://samwilson.id.au/
"Zelda Wiki - Neoseeker",1958,5470,,Farm:Neoseeker,https://zelda.neoseeker.com/wiki/
"OrthodoxWiki (fr)",1958,5306,"community,orthodoxy,religion",Farm:Orthodox,http://fr.orthodoxwiki.org/Accueil
GuiltyPlanet.com,1959,5341,,,http://www.guiltyplanet.com/
"IThelp @ UiB",1959,7394,"information technology",,https://it.uib.no/ithelp/
TinyMicros,1960,9033,,,http://www.tinymicros.com/wiki/Main_Page
FilmBoX,1961,8274,,,http://www.filmbox.biz/
